{"KKU06": 0.7526141336510658, "TAA05": 0.7803932424190995, "UTA04": 0.7681340886208439, "BNA05": 0.7775829348645626, "UTA08": 0.6982877140121876, "TPH05": 0.6186745818437144, "NAA09": 0.8481434005185378, "LAA03": 0.7451263863677577, "TPH04": 0.7399892210472281, "SWA02": 0.898211499839657, "DCA04": 0.8764098692935142, "PRA03": 0.9500802934917266, "PLC04": 0.8764098692935142, "TPH02": 0.7832307757436833, "PLA09": 0.8461912999148862, "UTA07": 0.9459809086723167, "WGT04": 0.6610016202825015, "BNA08": 0.4861552616210846, "TSK01": 0.8709023306767872, "NAB03": 0.8812391354590408, "STA02": 0.8969001041245843, "RKA09": 0.8481434005185378, "SWA08": 0.6946728333408037, "WGT10": 0.8777932549748636, "BNA09": 0.7489191261851846, "PSN04": 0.8764098692935142, "WBA04": 0.8764098692935142, "SWA05": 0.7830240447595109, "DCA10": 0.9090369724118743, "KPA09": 0.7904746719416987, "TAA06": 0.5360683726281285, "MSU05": 0.7775829348645626, "PLB03": 0.9494407324875814, "STA05": 0.7803932424190994, "DCA08": 0.6523824323844551, "UTA05": 0.6740618995343151, "TSK05": 0.5949371599763142, "STA08": 0.6907600527067066, "PKT03": 0.9198728642371918, "WBA05": 0.7830240447595109, "UTA09": 0.8481434005185378, "PSN01": 0.8725357922340701, "KPB03": 0.8161606904632892, "WBT02": 0.8993624243363172, "NAA10": 0.9178684785216239, "WBA03": 0.8924115649148876, "WGT02": 0.7945977085817734, "SZA03": 0.907789892535378, "MSA09": 0.8481434005185379, "NAA03": 0.9506725716247804, "PLA04": 0.8778876854195798, "TAA07": 0.7345289038905732, "SKA01": 0.8725357922340702, "PLA05": 0.7775829348645626, "NAB06": 0.7526141336510658, "WBA02": 0.898211499839657, "PSN03": 0.8795962918978122, "RKA10": 0.9080006842293984, "KPA01": 0.8644030228193876, "TAA02": 0.9002276282909125, "PUU04": 0.8748279332988375, "SSL04": 0.6884525317097423, "PSN02": 0.898211499839657, "NAA02": 0.8993624243363172, "SWA07": 0.9459809086723167, "PLC09": 0.8481434005185379, "TAA10": 0.9080006842293984, "STA10": 0.8570705903683788, "PLA07": 0.9466260046485907, "KPB01": 0.8394246705097685, "WGT01": 0.8709023306767872, "MSA08": 0.6946728333408038, "MSU01": 0.6571588047955597, "PPH01": 1, "PIH07": 0.9459809086723167, "PLT03": 0.9506725716247804, "PUU02": 0.8629694990426997, "SZA05": 0.7830240447595109, "SWA04": 0.8778876854195798, "BNA04": 0.8541517635270148, "PLT02": 0.8993624243363172, "KPA06": 0.6565986514185663, "MSA05": 0.7830240447595109, "PUU08": 0.6565135337775363, "MSA01": 0.8725357922340701, "DCA03": 0.9506725716247804, "PRA07": 0.9459809086723167, "WBT03": 0.9510866813971901, "PLA03": 0.8982895347161759, "NAB01": 0.7643288029111321, "TSK02": 0.898211499839657, "PUU01": 0.8751034382923332, "DCA02": 0.8277274982457424, "AKR03": 0.9555175744854018, "WBT04": 0.8764098692935142, "PRA09": 0.8498942497346706, "PKT01": 0.7668097898431985, "TAA09": 0.8481434005185379, "PUU06": 0.7475203774098719, "PIA07": 0.9452893650246162, "MSA02": 0.8969001041245843, "PLC10": 0.9080006842293984, "STA03": 0.9445157670501019, "TPH10": 0.9068148996271962, "PIA08": 0.5995194311890193, "PLB04": 0.8748279332988376, "BNA10": 0.9090369724118743, "BNA03": 0.9500802934917267, "WGT03": 0.9107403856253558, "PLB02": 0.898211499839657, "PLA01": 0.7344991366197061, "NAT05": 0.784836534915516, "UTA03": 0.9494407324875813, "NAA08": 0.6946728333408039, "PLA06": 0.750521846985151, "KPA04": 0.8778876854195798, "KKU10": 0.9090369724118743, "PRA02": 0.898211499839657, "DCA06": 0.7475203774098719, "PKT05": 0.572978143778941, "DCA07": 0.9452893650246162, "WBT05": 0.7775829348645626, "TPH03": 0.9202114766182068, "RKA03": 0.9500802934917266, "PIA09": 0.7952803993231019, "MSA12": 1.0, "PPH04": 1, "KKU09": 0.8481434005185379, "TPH06": 0.7475203774098718, "PIH04": 0.8764098692935142, "UTA10": 0.696548679447655, "SZA02": 0.8993624243363172, "SZA07": 0.8931179074768808, "TSK04": 0.6573594532396427, "PIA10": 0.6882711459779774, "NAT02": 0.898211499839657, "LKA01": 0.8490411250360985, "PRA10": 0.7704117055701152, "PIA02": 0.898211499839657, "SSL05": 0.5632872641531139, "SZA08": 0.5889468309499319, "LKA04": 0.8764098692935142, "UTA02": 0.8969001041245842, "MSA04": 0.8789087240020449, "MSU03": 0.9510866813971901, "PIH10": 0.9068148996271963, "NAA04": 0.8764098692935142, "KPA10": 0.8655105625878989, "NAT04": 0.8411678684965569, "BNA07": 0.9459809086723167, "KPB05": 0.6831499543635065, "RKA01": 0.7668097898431985, "RKA05": 0.784836534915516, "WGT08": 0.6594308325438465, "PUU09": 0.8481434005185378, "PLC03": 0.9494407324875814, "BHA01": 1, "PIA04": 0.8764098692935142, "STA06": 0.6273771928747903, "PLB01": 0.8709023306767871, "WBA01": 0.8549147918355915, "KKU03": 0.9494407324875813, "WGT09": 0.8258852947520385, "SZA04": 0.7769030435138702, "TPH09": 0.6296233650054298, "KKU01": 0.8302453912777215, "TAA08": 0.6907600527067066, "DCA05": 0.7803932424190994, "KKU08": 0.6982877140121876, "UTA06": 0.5360683726281286, "PIH09": 0.8498942497346706, "KPA08": 0.6523824323844551, "KPA05": 0.724747978002851, "PIA05": 0.7539617418213815, "SKA03": 0.9500802934917266, "MSA11": 1.0, "WGT06": 0.74428641902669, "PRA08": 0.48322082855906034, "TSK03": 0.733786506487702, "PSN05": 0.7803932424190994, "PLT01": 0.8725357922340702, "PIH08": 0.6946728333408038, "RKA08": 0.6946728333408038, "NAB04": 0.8764098692935142, "NAT03": 0.8972172922962909, "NAT01": 0.6610837874523267, "NAA01": 0.8751034382923331, "RKA07": 0.9459809086723167, "STA04": 0.799518231191062, "RKA06": 0.7526141336510658, "LKA05": 0.7830240447595109, "AKR02": 0.9091413644383941, "PIH02": 0.8969001041245842, "SZA06": 0.7475203774098718, "STA01": 0.8725357922340701, "PLC01": 0.6610837874523268, "KPB04": 0.8778876854195798, "PIA01": 0.8709023306767872, "BNA01": 0.8740448699326379, "SSL02": 0.8969001041245842, "PLC06": 0.74428641902669, "PPH03": 1, "MSA03": 0.9127652338243601, "NAA06": 0.74428641902669, "BNA06": 0.74428641902669, "PKT02": 0.8993624243363172, "LKA02": 0.9002276282909124, "MSA10": 0.9090369724118743, "TPH01": 0.8725357922340701, "SSL03": 0.9500802934917267, "KPA07": 0.8931179074768808, "TPH07": 0.9470725878338601, "PRA01": 0.8725357922340701, "HTA01": 0.8864103102102271, "SWA06": 0.7475203774098719, "PRA04": 0.7706838669026425, "NAB02": 0.8993624243363172, "SWA01": 0.8725357922340701, "BHA02": 0.8969001041245842, "SWA03": 0.9500802934917266, "SKA02": 0.898211499839657, "PLC08": 0.6946728333408037, "PLC02": 0.8969001041245842, "PRA06": 0.6059311368937654, "KKU07": 0.9104783271257443, "PLA02": 0.8969001041245842, "PIH05": 0.7803932424190994, "WGT07": 0.9459809086723167, "DCA09": 0.8481434005185378, "SZA01": 0.8027007336482466, "BNA02": 0.898211499839657, "PLT04": 0.8748279332988376, "RKA02": 0.8738131915956097, "KPA02": 0.8529003559578547, "DCA01": 0.8725357922340701, "MSU04": 0.8778876854195798, "PIH03": 0.9510866813971901, "PLC05": 0.7803932424190994, "PIA03": 0.9340444298000823, "PRA05": 0.5689412376373559, "UTA01": 0.8709023306767872, "PPH02": 0.8910447576702292, "AKR01": 0.8864103102102271, "PLC07": 0.7406845739389947, "KKU04": 0.8764098692935142, "KKU02": 0.8982114998396569, "PLB05": 0.7775829348645626, "PLA10": 0.9068148996271962, "PIH01": 0.8725357922340701, "KPB02": 0.8993624243363172, "NAA05": 0.7830240447595109, "SKA04": 0.8764098692935142, "NAA07": 0.9466260046485907, "WBT01": 0.8725357922340702, "PPH05": 1, "PUU07": 0.9459809086723167, "KPA03": 0.9500802934917266, "MSA06": 0.74428641902669, "RKA04": 0.8764098692935142, "LKA03": 0.9500802934917266, "PUU03": 0.8422295390562412, "TPH08": 0.6342579748317343, "BHA03": 0.9510866813971901, "STA07": 0.9466260046485906, "BHA04": 0.876409869293514, "MSA07": 0.9459809086723167, "PLA08": 0.6907600527067066, "STA09": 0.8481434005185379, "TAA01": 0.8709023306767872, "PIH06": 0.74428641902669, "PIA06": 0.7475203774098718, "TAA03": 0.9500802934917267, "NAB05": 0.7830240447595109, "SSL01": 0.8725357922340701, "WGT05": 0.6752805393217518, "MSU02": 0.8969001041245842, "PUU10": 0.8022746818385267, "PKT04": 0.8764098692935142, "KKU05": 0.6482357394305098, "TAA04": 0.8789087240020449,