{"KSR07": 0.8064561382448303, "KSR01": 1.0, "TKB04": 0.5973055965914017, "TKB05": 0.6448498888845242, "UAA05": 0.8179927302724803, "WAM01": 0.789608811882356, "BNA02": 1.0, "SBA02": 0.8371142919305512, "TKB08": 0.927098970795115, "MRA09": 1.0, "LOK02": 0.9893293480873717, "MRA05": 0.6482383933743437, "WIR02": 0.787756056173671, "LBB03": 1, "UAA10": 0.8925629930423089, "LOA05": 0.6790136460144999, "CON05": 0.8470684393975181, "LAA05": 0.9098992943623244, "BSH06": 0.9291407534597181, "NCH06": 0.8463508034594877, "CNA10": 0.6817532428688642, "TCA05": 0.9330696874939479, "SZA02": 1.0, "LBB07": 0.7508694205761304, "IBU02": 1.0, "HKA10": 1.0, "NCH08": 1.0, "PEA06": 0.8434546063818731, "CYA02": 0.789608811882356, "KBG03": 0.680965926277223, "CDA01": 1.0, "NCH03": 0.754601462963761, "LOK03": 0.951626377996085, "BQA10": 1.0, "NOB01": 0.8609508393412266, "UAA01": 0.6994180223863797, "BPI05": 1.0, "CDB01": 0.7804469042494075, "SBA05": 0.5435330594396295, "NSA03": 0.6700776637157297, "WIR05": 0.9999529542813452, "CON04": 0.8347246197851818, "PRI06": 0.8659086537879777, "PXA10": 0.9117226689417781, "LBA03": 0.6323087991217562, "LBA08": 1.0, "TCA01": 0.9224257833487806, "WIR06": 0.9999529542813452, "PXA01": 0.8536169850019608, "UAA09": 0.6180825343227819, "CDA04": 0.6268416436583468, "CDA06": 0.8028445407032135, "TKB07": 0.6462014687402537, "LBB01": 0.7890834289674048, "LAA06": 0.5458655148497558, "PXA04": 0.7048254010601112, "KSR10": 0.8909503185626901, "HKA04": 0.6951964893248729, "BSH01": 0.8923833928283688, "NSA05": 0.8157223983987631, "CDB05": 0.8396119670988419, "CNA04": 0.8926067000705593, "BSH02": 1.0, "CNA05": 0.7861485194774652, "MRA10": 1.0, "CDB04": 1.0, "DAA08": 0.8915569674314608, "HKA01": 0.9228597231146567, "KSR04": 0.9947549088955239, "BSH05": 0.76749755053631, "CON01": 0.9093991199994206, "TCA03": 1.0, "LOK01": 0.7681138868517395, "NSB05": 0.7525742599664846, "UAA03": 0.9413967796958453, "NSB06": 0.7813528566796029, "BNA04": 0.9771698878803076, "PJA02": 0.789608811882356, "TCA06": 0.8126863175972634, "NOB04": 0.8791971092919254, "HKA06": 1.0, "NOB02": 0.8475838166715138, "LAA02": 0.761653860633998, "BSH09": 1.0, "LBB04": 0.566659502285395, "CNA07": 0.8937265670660108, "SBA08": 0.7483464118664487, "TKB06": 0.7833219167770108, "NSB04": 0.9468949405857452, "LAA08": 0.7384573751705095, "UAA06": 1.0, "NSB07": 0.7690693093020524, "TPH01": 1, "ATB01": 1, "LAA07": 1.0, "NSB03": 0.7053001822022804, "PJA03": 1, "CNA09": 0.753573242288743, "LBA01": 0.8482396172426196, "TKB02": 0.8050089570739787, "PXA02": 0.8205367056500985, "SZA06": 1.0, "BSH08": 0.8509140620128811, "LBC02": 0.8502183471219034, "SBA06": 0.7113385312585734, "WIR04": 0.8375989383058133, "PRI05": 0.9700618498924947, "NCH10": 1.0, "NCH05": 0.9533778825135837, "LBA09": 0.8209296099618942, "MRA06": 0.8582613975075235, "NSA01": 0.8366627929707672, "LOA03": 0.7954792413953131, "CHA09": 1.0, "HKA02": 0.7831139348629216, "UAA07": 1.0, "NSA04": 0.8027421882443362, "NSU03": 1.0, "KBG02": 0.723123363827912, "LOA01": 0.8926454388400992, "ATB06": 1.0, "MRA08": 0.651637621976964, "NOB03": 0.8756003825161363, "LOA06": 0.7209745658587252, "SBA07": 0.9890922224893133, "NCH04": 0.9556582855621341, "LAA01": 1.0, "BQA06": 1.0, "PXA06": 0.6627978429486796, "SBA01": 0.9369245909164637, "HKA03": 1.0, "CDB03": 0.7970830892198912, "BSH04": 0.9566021777286644, "NSA09": 0.7606023355986768, "LBB02": 0.6958034132603693, "PEA07": 0.760435494027883, "WIR07": 0.9999529542813452, "BQA09": 1.0, "PSN03": 0.9277046449543073, "LBA06": 1.0, "PEA03": 0.9253053899459579, "WIR01": 0.8500210273867047, "LBB08": 0.8100921568815296, "LBA05": 0.8969192502002113, "PEA01": 0.7923494265626164, "HKA08": 0.9608422213367142, "SBA09": 0.8648384091067081, "LOK04": 0.9919377296660141, "LBA04": 0.794080473991502, "LBC03": 0.8894180688767526, "NSU01": 0.8260209880139717, "CNA08": 0.8577381202147882, "PXA07": 0.800129844001356, "LOA07": 0.9815906491906856, "NSU02": 0.707428889138432, "NSA11": 0.8322786487730919, "WIR03": 0.7232299273315479, "KBG01": 0.8078153541333755, "HKA05": 1.0, "LBA02": 0.7223259246736055, "KSR06": 0.83950021220303, "BNA01": 1.0, "NCH02": 0.9726731294743384, "LAA10": 0.9721575281436655, "PKE06": 1.0, "CDB02": 0.79118215025614, "PEA05": 0.9860881257126309, "KSR09": 0.9384772290981187, "BQA08": 1.0, "PRI02": 0.7563653991251291, "CDA09": 0.8337512446973521, "TKB03": 0.7258160239588454, "UAA08": 1, "PJA08": 0.7831139348629217, "PXA05": 0.6156148476290573, "PRI01": 0.9855470999481009, "LBC05": 0.97168908984372, "LAA09": 0.830623005464755, "TCA08": 0.839838647958965, "PXA03": 0.8933590940345311, "BQA07": 1.0, "SBA03": 0.7558019827822645, "WAM07": 1.0, "KSR08": 0.9902035747172157, "CDA07": 0.7556820900844896, "CDA03": 0.779773087362842, "TKB01": 0.7636158466365444, "HKA07": 0.778450729237598, "NSB08": 0.7309688294286537, "WIR08": 0.867347991698922, "LOA02": 0.6699152534008772, "WAM02": 1.0, "PEA02": 0.4972577605522127, "NSB09": 0.9766129662151739, "HKA09": 1.0, "PEA04": 0.9855716825555734, "LBB05": 0.6734156071642231, "TCA02": 0.8910759330165211, "PRI07": 0.9917411999703434, "UAA04": 0.9437994549566583, "LOA08": 0.8619298689301422, "IBU01": 1.0, "NCH07": 1.0, "MRA02": 0.8099374007899317, "TCA04": 0.8825483418365744, "CDA02": 0.7174069865528229, "LAA03": 0.5721879871586157, "CON03": 1.0, "NSU04": 0.880362474296145, "MRA04": 0.7165844438117694, "NSA10": 0.7538669796794669, "LBA07": 0.7473795709131941, "NSA07": 0.860270123674211, "IBU03": 1.0, "BSH10": 1.0, "MRA07": 0.896891374842519, "MRA03": 0.7607827644662395, "NSA02": 0.7899493072657231, "PJA07": 0.7953952089143782, "NCH01": 0.7187971823759707, "CON02": 0.9497590563288288, "PXA08": 0.8526006255207974, "NSA08": 0.7766584181064891, "PRI08": 0.8716444828724197, "IBU04": 1.0, "SBA04": 0.7981531806179321, "NSU05": 0.8710036746562266, "BSH03": 1.0, "KSR05": 0.9815074282595778, "NSB02": 0.6679567623352807, "MRA01": 0.6581527522470381, "LBC01": 1.0, "NSB01": 0.8465898715812106, "PRI04": 0.8988296996367061, "CDA05": 0.7551511358374822, "LOK05": 0.9218430248024114, "IBU05": 1.0, "NSB10": 0.7776661870079125, "BNA07": 1.0, "CNA06": 0.9064994702639433, "CDA08": 0.7538882997524623, "LOA04": 0.6193501658240248, "SZA08": 0.894804405941178, "LAA04": 0.8362595314247803, "NSA06": 0.6726855264996533, "CDB08": 1.0, "KSR03": 0.9354062282869762, "NOB05": 0.8546533743406576, "PEA08": 0.768851573553643, "CNA03": 0.8361433687822571, "KSR02": 0.8979829780179389, "TCA07": 1.0, "CDB07": 0.7863339746401963, "LBB06": 0.7523036984685463, "NCH09": 0.7526024164021868, "LBC04": 0.8247641830348373, "CNA01": 0.8510917489388726, "CDB09": 0.829412224157739, "UAA02": 0.7481874715813481, "CDB06": 0.8495356649929446, "CNA02": 0.856003588895963, "DSA05": 0.9859739207921571, "BSH07": 0.7786172652469301, "SZA04": 0.8979359693472573, "PXA09": 0.7706132943920113, "KBG04": 0.7998227979725707, "SBA10": 0.8667354138911754, "NCC01": 1.0, "PRI03": 0.9876117999555151}