{"CEA05": 0.8898875900306719, "BGA01": 0.8704738396053568, "CKN04": 0.9044537935562859, "FAA02": 0.8223094541794616, "HOA05": 1.0, "FAA01": 0.7234137953569022, "CMD02": 0.8444752404009486, "LPA05": 0.9721772435328189, "XSU04": 0.8105340443726665, "MHA06": 0.8290998562804621, "HOA07": 0.9789317329113758, "SGA02": 0.9532824077987389, "PAS04": 0.7360890896134383, "HOA01": 1.0, "CMA04": 0.6710657123102337, "LIA01": 0.9451347866474027, "CMC09": 0.5650120203751307, "LPB04": 1.0, "CMC06": 0.6294768111475278, "PAU05": 0.9565769383802144, "PAN08": 1.0, "CSA02": 0.9161449023825248, "CMA06": 0.6553143380545425, "MCA04": 0.9500731935650923, "LPC01": 0.4737758444642849, "CRA08": 0.9714377206757064, "CRA09": 0.8720103471241772, "LNB04": 0.8724073864079325, "BGA03": 0.9839305372321205, "PAN03": 0.8372675262320575, "MEA01": 0.7684852543573253, "DKA02": 0.7560269625206797, "MHA09": 0.8737833873558283, "CMU02": 0.8725515374588692, "LNC07": 0.9862236684864858, "XSU05": 0.7836807800013801, "LNA02": 0.6331058208052355, "LPA09": 0.5380339220633791, "WPA03": 0.8176429293387784, "CSA10": 1.0, "PAN06": 1.0, "CRB07": 0.9528644058067997, "CKN05": 0.9315111432990756, "MRM10": 0.6518018214939506, "CKN01": 0.8705695552409669, "CMC08": 0.7612092282616356, "CKN02": 0.9794159400160701, "LPA07": 0.8876823561018412, "NIU02": 0.7844160304898311, "CRB09": 0.7104165072313258, "PAS02": 0.8263898576318114, "SGA08": 0.6845195250732803, "LPB06": 0.936564398565477, "SKP02": 0.5612467931445049, "CME01": 0.8287737174939164, "MHA03": 0.9073267451203748, "TEA02": 1.0, "PAU02": 0.6907954020323894, "FAA03": 0.8593813681919328, "NIA04": 0.79823496290449, "TNG04": 0.9474862254313309, "MCA01": 0.8149969486135139, "PAN05": 0.736118213702323, "HOA02": 1.0, "PAN02": 0.8450215637779168, "PYB02": 0.7920010667897387, "CMC07": 1.0, "LNA03": 0.7501253512960223, "CMD07": 0.572093368884546, "CRA05": 0.5175430936685992, "MJU01": 1.0, "CMB01": 0.9171837750367722, "NIC06": 0.9100940519936449, "MAA05": 0.9323246642961355, "LNA01": 0.6501038947850806, "CMA10": 0.6916790334797573, "NIU05": 0.722350999878167, "MTA03": 0.8137224255472635, "LNA04": 0.7670272140098193, "CRA01": 0.66652314380659, "CRB03": 0.8544785475944499, "CMV05": 0.833946964092019, "CMF02": 0.7747015597051794, "CUN06": 0.4714311740829621, "HOA06": 0.900310416303424, "CMA01": 0.7056535418448348, "PYA08": 0.7524678931508901, "CMC02": 0.674958438670152, "MLA02": 0.8299539786949482, "PYB04": 0.926966250707819, "MCA05": 0.8314627978392698, "DKA03": 1.0, "PAS01": 0.8680380871497931, "MFU01": 1.0, "WPA02": 0.9472774218726199, "CMV01": 0.8796232524232458, "CMF01": 0.7573328646995197, "CMD08": 0.6777489148833045, "TNG07": 0.8793611658877079, "CRA06": 0.8927346886630926, "DKA05": 0.7812511312894811, "LPA06": 0.7022857603129764, "MEA03": 0.9198502710642139, "NIA06": 1.0, "MAA01": 0.9708229230110079, "MEA04": 0.7933632800775978, "PAU04": 0.9574726240672888, "PYA02": 0.844731081753776, "WPA10": 1.0, "LPC04": 1.0, "LPC03": 0.6572087090316334, "LPA04": 0.5914794515452164, "CSA03": 1.0, "PAN04": 0.8010331993052486, "PYB03": 0.955909338355383, "CSA06": 0.744242331806622, "LNC01": 0.8604552483414962, "CEA01": 0.9665544375279758, "MTA02": 0.8669445896766168, "MCA03": 0.7543486070025945, "NIA09": 0.7790276882281788, "CMD09": 0.8273694211427425, "CMD06": 0.7000295455663446, "SKP06": 0.7885967329078878, "CMF04": 0.7235667873602615, "LIA05": 0.9541143715165927, "CRA02": 0.9112815647940431, "MRM03": 0.654029750791582, "CSA01": 0.9012275021651734, "MHA08": 0.8435416246292083, "CDO03": 0.9047495844974758, "LNB10": 0.9902139955500432, "PAN10": 1.0, "NIA08": 1.0, "TEA09": 1.0, "CMU01": 0.5850934425387295, "DKA09": 1.0, "MLA03": 1.0, "MRM06": 0.6637164538335659, "SKP09": 0.5618246829831208, "XSU01": 0.7898344054616384, "MEA08": 0.7952196368843918, "CUN08": 1.0, "WPA09": 1.0, "HCA05": 0.8774857617286915, "SGA07": 0.7299782266773096, "CDO05": 0.9689689881800461, "NIA10": 0.9365664616153224, "LPA10": 0.7682337835616913, "CME03": 0.9951733799997806, "TNG08": 0.8715106661875481, "CRB02": 0.8154440303237477, "CMV04": 0.9042462531536677, "CMD05": 0.7648273955867834, "LPB05": 0.7885479952182566, "HOA04": 1.0, "MLA09": 0.9175809256022911, "CMV02": 0.7908778076098557, "CRB08": 0.8739353584070887, "NIC05": 0.9670250792947265, "WPA05": 0.8396002817435446, "WPA04": 0.7674348448808765, "TNG03": 0.8562267019235612, "CRA03": 0.5536781135231598, "LNC02": 0.7486333344630102, "MHA02": 0.8300608301007446, "LIA02": 0.9135947129582196, "CME02": 0.7436327798302567, "LNC06": 0.6977935369241408, "CKN03": 0.8428520881919059, "SKP07": 0.7705435966622948, "BGA04": 0.8546053237990008, "NIC10": 1.0, "LNB01": 0.90372166600244, "NIC08": 0.7918772876632557, "WPA08": 0.6996402358178413, "CMB07": 0.3132884559354102, "CMB02": 0.6238213036712182, "LNA05": 0.7974251729642174, "CSA09": 0.7885479952182566, "SGA05": 0.7717304616337632, "DKA10": 0.5910036419253089, "SGA01": 0.9073328710339494, "CHM04": 0.9707691174769248, "CRA10": 0.6508002973664241, "FAA04": 0.8801624308304672, "SGA06": 0.7200954843524778, "MTA01": 0.9049604211975835, "CMU05": 0.6966607508696298, "CUN09": 1.0, "HOA10": 1, "NIA01": 0.7075913544613879, "CMF03": 0.7349193937011784, "MCA08": 0.8454256707464297, "NIA05": 0.8122200364779859, "CMV03": 0.7815174915246119, "TEA08": 0.9841855718805121, "LNC03": 0.5118050282704256, "PYB05": 0.8418072419149809, "TNG02": 0.8002033524038856, "MRM08": 0.6359968496880489, "HCA03": 0.6689390541194145, "TEA03": 1.0, "XSU03": 0.8606966836568413, "CMD10": 0.7161666278924133, "LNB07": 1.0, "CMA02": 0.8375796482927836, "MCA10": 1.0, "CMB06": 0.9168793036214662, "CMB10": 0.9734771567111231, "NIC01": 0.9915190279778935, "CUN01": 0.7558926126098017, "NIU04": 1.0, "MRM02": 0.6080021288997901, "CUN05": 0.7876616631229432, "LPB07": 0.9771403238073791, "CSA07": 0.7328011589288606, "CSA08": 1.0, "CMA07": 0.5924223478516775, "MRM07": 0.6409618147286527, "MEA07": 0.7246910383354424, "PAN07": 1.0, "TEA10": 1.0, "MEA05": 0.8420736374941242, "LPA02": 0.8357862826045941, "CSA04": 1.0, "LNC10": 0.5840112710088713, "HCA01": 0.9522811196983566, "SGA04": 0.7666659611883123, "CRB04": 0.9264669574811588, "SKP03": 0.6546487749349444, "PAN01": 0.7514549327945151, "NIU01": 0.8949436215755227, "CEA02": 0.8874524902920344, "MHA04": 0.8673127148978375, "CRB05": 0.6671049396736699, "PAS05": 0.7423024445783815, "CRA07": 0.7425712393569259, "NIC09": 0.8052365506172627, "CMB04": 0.9906997822233808, "TNG05": 0.8605076031666695, "CMB08": 0.8480964429818869, "NIA03": 0.7924842364841116, "DKA08": 1.0, "MLA10": 0.9698753203724408, "CEA03": 0.9305630010665618, "HOA11": 1.0, "DKA06": 0.6358874961966997, "TNG10": 0.8994163388369025, "TEA06": 0.9637712160676654, "HOA08": 0.6640261764556409, "CMC10": 0.8063053827380766, "MAA04": 0.9636845701582447, "SGA10": 0.7266091765919999, "MCA07": 0.9598186572663338, "CDO01": 0.6635144377989985, "MLA06": 0.7061650288192952, "CMD04": 0.7592152243034512, "CUN03": 0.9139108723363297, "CMU04": 0.8477359694246536, "SKP04": 0.8260401660167969, "SKP01": 0.41680997186760393, "CMC01": 0.8472624926610037, "LIA04": 0.9365703412500086, "SKP08": 0.7899056388104743, "CEA08": 0.8661388379289641, "NIC07": 0.8731879659692878, "FAA08": 0.7718362322911315, "LNC04": 0.5797552729332061, "LNC05": 0.9449258948027089, "CMD01": 0.8850818749161714, "NIC03": 0.9246326405011724, "FAA06": 0.9448612044390561, "LPB01": 1, "CRA04": 0.8718613880977435, "LNB03": 0.7999183685341833, "DKA07": 1.0, "PAN09": 1.0, "CMB03": 0.7542344306566574, "TNG06": 1.0, "PYA06": 0.7275572362543474, "CUN10": 1.0, "MLA08": 1.0, "CHM03": 0.8822427549933434, "CMA08": 0.6070872211908971, "CHM01": 0.9232083776825233, "CMU03": 0.8628043418173834, "CMF05": 0.5587050690361988, "FAA10": 0.9870021539119072, "TNG09": 0.9142139332070377, "TEA05": 1.0, "MEA09": 0.6331971916402441, "CMC04": 0.5612576093393189, "DKA04": 0.7692912045351636, "MCA06": 0.9604406337226683, "MHA07": 0.8332190759997499, "MCA02": 0.769646225173671, "MHA05": 0.8953421839638434, "SGA09": 0.7802755803535074,